anonymous_id,age,city,occupation,annual_spend
1,25,Envigado,Comerciante,2580000
2,36,Cali,Ingeniero de sistemas,5400000
3,38,Bogotá,Docente,5320000
4,67,Itagüí,Abogada,4290000
5,29,Bogotá,Comerciante,3670000
6,32,Itagüí,Comerciante,3980000
7,43,Medellín,Diseñadora gráfica,3900000
8,23,Bogotá,Docente,3010000
9,52,Bogotá,Abogada,3820000
10,27,Bucaramanga,Ingeniero de sistemas,2780000
11,63,Bogotá,Docente,3860000
12,57,Medellín,Médico,5860000
13,21,Rionegro,Diseñadora gráfica,2560000
14,58,Rionegro,Administradora,7310000
15,48,Itagüí,Comerciante,4090000
16,39,Bogotá,Ingeniero de sistemas,8540000
17,49,Itagüí,Ingeniero de sistemas,5660000
18,36,Cartagena,Contadora,3420000
19,43,Bogotá,Enfermera,5000000
20,55,Medellín,Enfermera,5180000
21,28,Pereira,Abogada,3470000
22,56,Cartagena,Administradora,4860000
23,35,Rionegro,Ingeniero de sistemas,2760000
24,46,Envigado,Diseñadora gráfica,1840000
25,37,Pereira,Comerciante,4410000
26,40,Medellín,Docente,2230000
27,60,Bello,Arquitecta,4330000
28,25,Bogotá,Analista financiera,4490000
29,58,Bello,Ingeniero de sistemas,4390000
30,48,Rionegro,Docente,5290000
31,66,Rionegro,Médico,7920000
32,53,Cali,Analista financiera,5680000
33,63,Cali,Comerciante,6030000
34,40,Envigado,Diseñadora gráfica,2550000
35,45,Bello,Contadora,4360000
36,66,Rionegro,Arquitecta,8660000
37,56,Medellín,Arquitecta,5940000
38,31,Bogotá,Analista financiera,3550000
39,41,Bogotá,Enfermera,3870000
40,48,Cartagena,Contadora,4550000
41,31,Itagüí,Contadora,3860000
42,30,Itagüí,Comerciante,2570000
43,57,Barranquilla,Comerciante,2970000
44,33,Bello,Administradora,2110000
45,57,Medellín,Ingeniero de sistemas,2270000
46,46,Rionegro,Contadora,3910000
47,35,Envigado,Ingeniero de sistemas,4210000
48,39,Bogotá,Enfermera,2990000
49,45,Itagüí,Docente,2650000
50,62,Cartagena,Comerciante,4140000
51,62,Cartagena,Docente,3020000
52,51,Barranquilla,Enfermera,2980000
53,38,Envigado,Abogada,3540000
54,41,Envigado,Contadora,4080000
55,44,Bogotá,Enfermera,3780000
56,24,Bogotá,Enfermera,2600000
57,37,Medellín,Docente,2610000
58,62,Medellín,Médico,7950000
59,49,Itagüí,Técnico electricista,3020000
60,28,Medellín,Ingeniero de sistemas,4740000
61,48,Bogotá,Enfermera,3230000
62,63,Itagüí,Administradora,7290000
63,57,Rionegro,Enfermera,2340000
64,20,Pereira,Abogada,2300000
65,32,Itagüí,Analista financiera,2590000
66,44,Medellín,Técnico electricista,3020000
67,45,Itagüí,Administradora,5590000
68,34,Cartagena,Arquitecta,4520000
69,35,Envigado,Contadora,2500000
70,49,Rionegro,Comerciante,3870000
71,33,Rionegro,Comerciante,3990000
72,23,Cartagena,Enfermera,1960000
73,49,Itagüí,Comerciante,3210000
74,23,Manizales,Contadora,2890000
75,44,Bogotá,Administradora,3550000
76,66,Bogotá,Analista financiera,5470000
77,44,Itagüí,Administradora,3150000
78,25,Manizales,Abogada,2450000
79,45,Cali,Contadora,4180000
80,23,Itagüí,Técnico electricista,2200000
81,66,Cali,Administradora,2310000
82,51,Medellín,Administradora,3890000
83,67,Cali,Docente,4980000
84,40,Cali,Administradora,2880000
85,37,Itagüí,Contadora,5740000
86,30,Medellín,Ingeniero de sistemas,3810000
87,21,Medellín,Arquitecta,4610000
88,61,Bogotá,Analista financiera,5370000
89,55,Rionegro,Comerciante,2910000
90,49,Cali,Arquitecta,4770000
91,30,Bello,Docente,3070000
92,58,Cali,Administradora,3120000
93,67,Barranquilla,Comerciante,4400000
94,64,Itagüí,Enfermera,3650000
95,47,Bello,Enfermera,2230000
96,66,Barranquilla,Contadora,4230000
97,40,Medellín,Administradora,5310000
98,63,Itagüí,Técnico electricista,3550000
99,20,Bogotá,Docente,2220000
100,42,Envigado,Técnico electricista,3420000
101,42,Rionegro,Docente,3340000
102,21,Cartagena,Administradora,1960000
103,49,Bucaramanga,Ingeniero de sistemas,5520000
104,21,Pereira,Comerciante,3360000
105,55,Medellín,Ingeniero de sistemas,5430000
106,60,Barranquilla,Arquitecta,4360000
107,66,Itagüí,Ingeniero de sistemas,3650000
108,45,Barranquilla,Abogada,2620000
109,42,Envigado,Administradora,2590000
110,51,Bogotá,Docente,2860000
111,61,Bello,Docente,4270000
112,38,Envigado,Ingeniero de sistemas,5190000
113,33,Envigado,Docente,3070000
114,41,Pereira,Diseñadora gráfica,2750000
115,51,Barranquilla,Comerciante,2800000
116,44,Cartagena,Abogada,5360000
117,40,Medellín,Comerciante,3540000
118,32,Rionegro,Arquitecta,3120000
119,25,Bogotá,Docente,2320000
120,51,Bogotá,Diseñadora gráfica,2030000
121,31,Rionegro,Docente,1270000
122,37,Envigado,Médico,4280000
123,50,Envigado,Médico,6750000
124,47,Bucaramanga,Contadora,4930000
125,41,Manizales,Enfermera,2060000
126,38,Manizales,Diseñadora gráfica,2270000
127,44,Medellín,Contadora,3460000
128,63,Pereira,Administradora,3120000
129,24,Medellín,Ingeniero de sistemas,3280000
130,25,Barranquilla,Comerciante,4350000
131,24,Medellín,Enfermera,2520000
132,64,Medellín,Comerciante,2780000
133,56,Barranquilla,Médico,2070000
134,49,Itagüí,Enfermera,1810000
135,64,Bello,Contadora,2150000
136,47,Cali,Docente,5080000
137,58,Cali,Analista financiera,5550000
138,39,Cali,Administradora,2930000
139,63,Pereira,Enfermera,5970000
140,20,Medellín,Analista financiera,3170000
141,47,Itagüí,Arquitecta,3960000
142,64,Bello,Analista financiera,3000000
143,21,Medellín,Comerciante,2610000
144,22,Bucaramanga,Comerciante,3520000
145,33,Barranquilla,Comerciante,1600000
146,64,Barranquilla,Enfermera,3520000
147,46,Bello,Enfermera,2560000
148,58,Bello,Comerciante,3660000
149,26,Rionegro,Enfermera,2040000
150,43,Cartagena,Técnico electricista,5190000
151,52,Manizales,Administradora,2620000
152,21,Itagüí,Comerciante,1600000
153,28,Rionegro,Docente,1810000
154,50,Manizales,Abogada,5830000
155,21,Bello,Administradora,3290000
156,23,Barranquilla,Ingeniero de sistemas,4590000
157,30,Bogotá,Comerciante,2300000
158,54,Cartagena,Docente,3410000
159,20,Bello,Analista financiera,2140000
160,33,Barranquilla,Abogada,3640000
161,59,Cartagena,Técnico electricista,3190000
162,25,Cartagena,Médico,4930000
163,53,Barranquilla,Docente,4870000
164,42,Bucaramanga,Técnico electricista,1490000
165,65,Bogotá,Comerciante,4280000
166,37,Envigado,Enfermera,4220000
167,54,Bucaramanga,Diseñadora gráfica,3210000
168,28,Cartagena,Analista financiera,2370000
169,25,Medellín,Administradora,2190000
170,29,Bogotá,Comerciante,3560000
171,23,Medellín,Médico,3070000
172,66,Envigado,Administradora,9050000
173,67,Bogotá,Docente,5800000
174,26,Cali,Contadora,3330000
175,48,Itagüí,Diseñadora gráfica,2050000
176,27,Manizales,Abogada,4060000
177,44,Barranquilla,Analista financiera,2330000
178,47,Cartagena,Ingeniero de sistemas,2900000
179,64,Itagüí,Enfermera,2810000
180,53,Envigado,Analista financiera,4130000
181,67,Manizales,Diseñadora gráfica,2320000
182,49,Cali,Docente,3800000
183,52,Envigado,Técnico electricista,4210000
184,20,Bello,Administradora,2690000
185,35,Itagüí,Ingeniero de sistemas,5360000
186,60,Cali,Ingeniero de sistemas,3820000
187,65,Medellín,Enfermera,4580000
188,44,Cali,Analista financiera,4820000
189,50,Bogotá,Enfermera,3390000
190,37,Bogotá,Técnico electricista,2350000
191,66,Medellín,Enfermera,4530000
192,59,Bello,Técnico electricista,3430000
193,58,Itagüí,Docente,3140000
194,34,Cali,Enfermera,2720000
195,24,Barranquilla,Docente,2820000
196,27,Envigado,Analista financiera,3330000
197,40,Medellín,Docente,4230000
198,46,Pereira,Docente,5270000
199,40,Medellín,Contadora,3790000
200,29,Barranquilla,Administradora,2310000
201,62,Medellín,Administradora,3320000
202,30,Bello,Enfermera,1370000
203,30,Cali,Contadora,4110000
204,38,Medellín,Abogada,2920000
205,49,Bogotá,Abogada,4410000
206,62,Medellín,Analista financiera,10210000
207,29,Pereira,Médico,1630000
208,63,Bello,Técnico electricista,2240000
209,49,Itagüí,Enfermera,3240000
210,55,Medellín,Analista financiera,3110000
211,37,Barranquilla,Docente,3110000
212,20,Bogotá,Enfermera,1570000
213,62,Cali,Administradora,1820000
214,54,Bello,Técnico electricista,3260000
215,23,Bello,Enfermera,2710000
216,35,Medellín,Docente,3050000
217,50,Cartagena,Técnico electricista,2320000
218,61,Medellín,Contadora,5880000
219,55,Cali,Docente,2240000
220,31,Cartagena,Técnico electricista,2400000
221,66,Medellín,Comerciante,4900000
222,36,Itagüí,Enfermera,2010000
223,31,Itagüí,Docente,4530000
224,30,Barranquilla,Ingeniero de sistemas,2090000
225,61,Cali,Docente,2600000
226,27,Cartagena,Administradora,2690000
227,26,Medellín,Analista financiera,4190000
228,44,Cartagena,Contadora,3050000
229,56,Bogotá,Enfermera,3220000
230,64,Bogotá,Abogada,4390000
231,50,Itagüí,Analista financiera,3760000
232,34,Medellín,Analista financiera,6460000
233,56,Bogotá,Técnico electricista,5010000
234,54,Bogotá,Abogada,5560000
235,48,Bogotá,Docente,4680000
236,47,Medellín,Contadora,4150000
237,34,Itagüí,Comerciante,2690000
238,44,Pereira,Comerciante,2700000
239,63,Bello,Contadora,3800000
240,35,Bello,Comerciante,4890000
241,40,Bogotá,Diseñadora gráfica,2870000
242,66,Bello,Enfermera,6260000
243,67,Envigado,Docente,4710000
244,60,Bogotá,Médico,4060000
245,38,Bogotá,Analista financiera,2450000
246,67,Envigado,Docente,5010000
247,20,Bogotá,Contadora,1040000
248,67,Pereira,Docente,4620000
249,37,Medellín,Contadora,4470000
250,54,Bogotá,Analista financiera,4470000
251,23,Barranquilla,Comerciante,2760000
252,51,Manizales,Analista financiera,3680000
253,63,Cali,Docente,5060000
254,41,Bogotá,Ingeniero de sistemas,4450000
255,40,Manizales,Arquitecta,2850000
256,20,Envigado,Docente,3150000
257,37,Cartagena,Técnico electricista,3680000
258,22,Cali,Analista financiera,3520000
259,53,Cartagena,Analista financiera,2540000
260,65,Manizales,Docente,4030000
261,53,Bogotá,Analista financiera,3870000
262,62,Medellín,Ingeniero de sistemas,7330000
263,53,Envigado,Diseñadora gráfica,5290000
264,28,Itagüí,Arquitecta,2630000
265,31,Bello,Comerciante,4300000
266,62,Bogotá,Docente,3070000
267,57,Barranquilla,Ingeniero de sistemas,3140000
268,62,Bogotá,Docente,3100000
269,50,Medellín,Administradora,3410000
270,44,Manizales,Analista financiera,4030000
271,34,Manizales,Docente,2710000
272,29,Medellín,Comerciante,3590000
273,20,Bello,Médico,2210000
274,30,Bogotá,Técnico electricista,2750000
275,26,Bello,Ingeniero de sistemas,4390000
276,45,Barranquilla,Ingeniero de sistemas,4310000
277,48,Bello,Analista financiera,3810000
278,65,Bogotá,Técnico electricista,3550000
279,55,Itagüí,Contadora,3510000
280,33,Medellín,Analista financiera,5290000
281,62,Cali,Contadora,2830000
282,50,Manizales,Médico,4320000
283,23,Bogotá,Enfermera,3380000
284,56,Medellín,Docente,4560000
285,50,Bogotá,Enfermera,9740000
286,45,Bogotá,Técnico electricista,2640000
287,46,Pereira,Diseñadora gráfica,1590000
288,66,Itagüí,Arquitecta,4440000
289,62,Manizales,Analista financiera,5580000
290,51,Medellín,Médico,4770000
291,21,Itagüí,Comerciante,3110000
292,56,Bogotá,Analista financiera,5420000
293,52,Bucaramanga,Arquitecta,2280000
294,52,Itagüí,Ingeniero de sistemas,4480000
295,61,Bogotá,Administradora,4590000
296,54,Bucaramanga,Abogada,3570000
297,39,Bogotá,Administradora,4750000
298,52,Rionegro,Comerciante,4110000
299,60,Cartagena,Ingeniero de sistemas,3180000
300,59,Envigado,Administradora,4300000
301,65,Bogotá,Administradora,7860000
302,58,Rionegro,Contadora,6840000
303,38,Bogotá,Comerciante,2920000
304,66,Envigado,Enfermera,4330000
305,45,Bello,Administradora,3010000
306,60,Itagüí,Enfermera,2690000
307,46,Bello,Analista financiera,3590000
308,65,Barranquilla,Administradora,3700000
309,21,Cartagena,Docente,1280000
310,61,Rionegro,Docente,4550000
311,20,Rionegro,Docente,2530000
312,27,Envigado,Arquitecta,4070000
313,28,Bogotá,Abogada,4280000
314,32,Manizales,Arquitecta,2920000
315,34,Cartagena,Docente,2010000
316,34,Medellín,Docente,2000000
317,30,Rionegro,Abogada,4510000
318,32,Envigado,Técnico electricista,2300000
319,63,Envigado,Técnico electricista,3090000
320,60,Bello,Administradora,4400000
321,47,Bello,Administradora,2980000
322,43,Pereira,Docente,2270000
323,23,Medellín,Arquitecta,3930000
324,47,Cali,Abogada,3490000
325,66,Bogotá,Enfermera,3480000
326,55,Medellín,Administradora,3470000
327,28,Medellín,Ingeniero de sistemas,3830000
328,48,Bucaramanga,Médico,6880000
329,37,Medellín,Arquitecta,6330000
330,29,Bello,Analista financiera,3650000
331,22,Medellín,Enfermera,4930000
332,53,Pereira,Administradora,2560000
333,57,Cartagena,Analista financiera,3840000
334,37,Pereira,Comerciante,2590000
335,32,Envigado,Técnico electricista,2190000
336,37,Medellín,Comerciante,3900000
337,21,Bogotá,Ingeniero de sistemas,4120000
338,29,Bello,Contadora,2450000
339,51,Bucaramanga,Docente,3310000
340,56,Medellín,Abogada,3420000
341,59,Itagüí,Diseñadora gráfica,2710000
342,48,Barranquilla,Administradora,3580000
343,57,Bogotá,Administradora,4040000
344,26,Pereira,Diseñadora gráfica,3200000
345,33,Bogotá,Contadora,3180000
346,47,Rionegro,Comerciante,3310000
347,31,Manizales,Diseñadora gráfica,2200000
348,20,Rionegro,Arquitecta,3350000
349,26,Bogotá,Diseñadora gráfica,2220000
350,21,Bogotá,Abogada,3180000
351,45,Cali,Abogada,7410000
352,59,Barranquilla,Comerciante,4680000
353,20,Cali,Comerciante,2050000
354,37,Medellín,Comerciante,5030000
355,58,Pereira,Docente,3090000
356,56,Envigado,Contadora,6400000
357,67,Rionegro,Diseñadora gráfica,2310000
358,26,Itagüí,Contadora,2170000
359,67,Bello,Administradora,3150000
360,26,Rionegro,Analista financiera,2740000
361,28,Bogotá,Docente,3660000
362,58,Bogotá,Administradora,7400000
363,50,Cartagena,Enfermera,4030000
364,44,Bucaramanga,Comerciante,3620000
365,47,Bello,Ingeniero de sistemas,3460000
366,37,Medellín,Enfermera,4070000
367,40,Medellín,Ingeniero de sistemas,8790000
368,55,Itagüí,Analista financiera,2860000
369,53,Rionegro,Analista financiera,5040000
370,28,Medellín,Enfermera,2440000
371,22,Medellín,Docente,1520000
372,56,Bello,Comerciante,4570000
373,57,Envigado,Comerciante,7120000
374,30,Itagüí,Abogada,2900000
375,27,Bogotá,Enfermera,3290000
376,28,Itagüí,Administradora,2840000
377,63,Medellín,Analista financiera,3880000
378,54,Cali,Arquitecta,4890000
379,63,Cartagena,Enfermera,4060000
380,66,Envigado,Médico,5480000
381,57,Cali,Administradora,3350000
382,31,Manizales,Docente,2430000
383,25,Pereira,Técnico electricista,3440000
384,44,Itagüí,Administradora,2600000
385,31,Itagüí,Administradora,2580000
386,22,Cartagena,Comerciante,2110000
387,26,Pereira,Administradora,4470000
388,26,Cali,Comerciante,2640000
389,67,Barranquilla,Contadora,2540000
390,26,Cali,Docente,2690000
391,44,Cartagena,Docente,1740000
392,47,Rionegro,Arquitecta,5840000
393,29,Pereira,Diseñadora gráfica,2460000
394,28,Bogotá,Ingeniero de sistemas,4420000
395,36,Cali,Docente,3240000
396,61,Bello,Técnico electricista,3370000
397,64,Rionegro,Técnico electricista,5410000
398,40,Bogotá,Arquitecta,2710000
399,56,Medellín,Contadora,3830000
400,64,Medellín,Arquitecta,5180000
401,61,Pereira,Técnico electricista,3610000
402,26,Pereira,Ingeniero de sistemas,2430000
403,42,Itagüí,Administradora,3890000
404,34,Itagüí,Administradora,2900000
405,60,Cartagena,Enfermera,3940000
406,37,Cali,Abogada,3140000
407,60,Barranquilla,Comerciante,3120000
408,55,Manizales,Enfermera,2800000
409,42,Barranquilla,Ingeniero de sistemas,4850000
410,55,Barranquilla,Ingeniero de sistemas,4250000
411,40,Envigado,Contadora,4690000
412,52,Bucaramanga,Médico,6420000
413,47,Bogotá,Técnico electricista,2950000
414,41,Barranquilla,Médico,3240000
415,58,Manizales,Docente,1980000
416,47,Rionegro,Abogada,1840000
417,48,Bello,Técnico electricista,2150000
418,54,Bello,Abogada,4170000
419,35,Bucaramanga,Arquitecta,2440000
420,29,Itagüí,Administradora,2910000
421,22,Bello,Ingeniero de sistemas,2550000
422,65,Cali,Abogada,4510000
423,54,Rionegro,Comerciante,3240000
424,51,Envigado,Analista financiera,4490000
425,57,Manizales,Ingeniero de sistemas,6350000
426,29,Barranquilla,Docente,3090000
427,41,Cali,Médico,5970000
428,31,Barranquilla,Abogada,3700000
429,59,Itagüí,Analista financiera,4240000
430,36,Medellín,Comerciante,5170000
431,45,Medellín,Administradora,3200000
432,48,Bogotá,Contadora,3090000
433,41,Itagüí,Diseñadora gráfica,4350000
434,62,Bucaramanga,Enfermera,2560000
435,56,Cali,Comerciante,4500000
436,35,Medellín,Ingeniero de sistemas,4900000
437,56,Medellín,Administradora,4470000
438,31,Rionegro,Docente,2850000
439,58,Medellín,Comerciante,4250000
440,63,Cartagena,Analista financiera,3890000
441,50,Bogotá,Administradora,4900000
442,50,Envigado,Administradora,5360000
443,34,Cali,Docente,2560000
444,58,Manizales,Arquitecta,4010000
445,47,Barranquilla,Enfermera,3900000
446,28,Cali,Técnico electricista,1870000
447,67,Itagüí,Administradora,3570000
448,56,Envigado,Técnico electricista,4730000
449,43,Medellín,Contadora,3620000
450,61,Pereira,Ingeniero de sistemas,5390000
451,30,Barranquilla,Comerciante,2890000
452,21,Bello,Docente,2090000
453,52,Bogotá,Administradora,3740000
454,64,Bucaramanga,Enfermera,3430000
455,63,Bello,Médico,4520000
456,49,Rionegro,Técnico electricista,2180000
457,33,Cartagena,Administradora,1500000
458,66,Itagüí,Administradora,2120000
459,63,Bogotá,Ingeniero de sistemas,3270000
460,45,Medellín,Analista financiera,5250000
461,24,Manizales,Analista financiera,4230000
462,45,Pereira,Enfermera,1940000
463,66,Bello,Docente,3290000
464,58,Pereira,Administradora,2980000
465,52,Cali,Ingeniero de sistemas,4220000
466,51,Rionegro,Ingeniero de sistemas,4880000
467,60,Envigado,Docente,3410000
468,62,Medellín,Ingeniero de sistemas,4560000
469,42,Rionegro,Administradora,2060000
470,35,Bogotá,Arquitecta,6010000
471,54,Itagüí,Docente,2020000
472,35,Cali,Comerciante,2600000
473,55,Medellín,Comerciante,4190000
474,27,Itagüí,Ingeniero de sistemas,2850000
475,37,Pereira,Técnico electricista,2520000
476,50,Cali,Comerciante,2130000
477,23,Bogotá,Comerciante,3510000
478,29,Cartagena,Administradora,2410000
479,35,Bello,Arquitecta,2240000
480,59,Medellín,Enfermera,4610000
481,36,Cali,Administradora,1850000
482,56,Cartagena,Técnico electricista,2630000
483,61,Bogotá,Diseñadora gráfica,6440000
484,31,Cartagena,Ingeniero de sistemas,3470000
485,52,Rionegro,Docente,2240000
486,35,Cali,Ingeniero de sistemas,4160000
487,62,Bogotá,Ingeniero de sistemas,3440000
488,22,Pereira,Médico,4520000
489,39,Bello,Ingeniero de sistemas,4610000
490,21,Pereira,Contadora,2870000
491,56,Envigado,Docente,4420000
492,25,Itagüí,Ingeniero de sistemas,5260000
493,22,Medellín,Abogada,3580000
494,30,Envigado,Administradora,3290000
495,36,Rionegro,Comerciante,3610000
496,34,Medellín,Administradora,5110000
497,67,Bucaramanga,Contadora,3610000
498,56,Bogotá,Analista financiera,4220000
499,42,Medellín,Analista financiera,6070000
500,42,Pereira,Diseñadora gráfica,1860000
501,30,Medellín,Abogada,2380000
502,52,Cali,Arquitecta,3090000
503,58,Manizales,Contadora,4630000
504,21,Itagüí,Administradora,3250000
505,47,Medellín,Técnico electricista,3380000
506,60,Pereira,Comerciante,4360000
507,33,Medellín,Enfermera,1220000
508,46,Bogotá,Arquitecta,6080000
509,34,Bello,Diseñadora gráfica,3020000
510,56,Medellín,Docente,3380000
511,39,Bello,Contadora,1850000
512,20,Medellín,Técnico electricista,2500000
513,29,Cali,Administradora,3160000
514,27,Medellín,Analista financiera,3740000
515,27,Cali,Contadora,3840000
516,57,Pereira,Contadora,4930000
517,25,Medellín,Contadora,4570000
518,27,Itagüí,Comerciante,3750000
519,27,Medellín,Abogada,3880000
520,34,Bogotá,Enfermera,2140000
521,28,Envigado,Contadora,2950000
522,61,Rionegro,Comerciante,5790000
523,60,Cartagena,Técnico electricista,2810000
524,33,Bogotá,Comerciante,3810000
525,56,Bogotá,Abogada,6080000
526,45,Bogotá,Ingeniero de sistemas,5790000
527,37,Medellín,Docente,2390000
528,47,Cali,Técnico electricista,2230000
529,24,Pereira,Abogada,1810000
530,34,Envigado,Contadora,2350000
531,43,Medellín,Enfermera,1940000
532,33,Medellín,Arquitecta,4540000
533,64,Medellín,Ingeniero de sistemas,5420000
534,47,Bello,Comerciante,4160000
535,25,Cartagena,Comerciante,4290000
536,28,Bogotá,Arquitecta,4690000
537,50,Bello,Médico,2740000
538,62,Envigado,Enfermera,4240000
539,63,Bogotá,Contadora,6240000
540,24,Envigado,Técnico electricista,3090000
541,59,Pereira,Analista financiera,6030000
542,45,Medellín,Contadora,3140000
543,67,Itagüí,Enfermera,2240000
544,53,Envigado,Ingeniero de sistemas,5510000
545,48,Medellín,Contadora,5000000
546,24,Bogotá,Comerciante,1840000
547,54,Cartagena,Diseñadora gráfica,4990000
548,33,Manizales,Contadora,3430000
549,35,Envigado,Administradora,3770000
550,49,Rionegro,Administradora,2300000
551,38,Bogotá,Analista financiera,4770000
552,43,Bucaramanga,Ingeniero de sistemas,2820000
553,30,Pereira,Contadora,2900000
554,65,Cali,Administradora,2680000
555,27,Pereira,Ingeniero de sistemas,4850000
556,64,Medellín,Abogada,4340000
557,62,Bucaramanga,Enfermera,3600000
558,51,Manizales,Comerciante,2350000
559,48,Medellín,Enfermera,4140000
560,46,Itagüí,Comerciante,4070000
561,58,Medellín,Analista financiera,4100000
562,65,Medellín,Técnico electricista,5870000
563,58,Medellín,Docente,4450000
564,31,Bello,Abogada,3610000
565,61,Envigado,Docente,5610000
566,31,Bogotá,Arquitecta,3830000
567,49,Medellín,Enfermera,4280000
568,24,Pereira,Comerciante,1660000
569,46,Envigado,Abogada,4800000
570,57,Cartagena,Enfermera,3570000
571,29,Cali,Abogada,3670000
572,22,Cali,Ingeniero de sistemas,3950000
573,55,Bello,Contadora,4490000
574,63,Medellín,Administradora,6450000
575,22,Bello,Administradora,1860000
576,53,Barranquilla,Ingeniero de sistemas,3740000
577,56,Itagüí,Administradora,3140000
578,50,Rionegro,Ingeniero de sistemas,2270000
579,44,Manizales,Técnico electricista,2380000
580,58,Medellín,Analista financiera,4610000
581,36,Envigado,Ingeniero de sistemas,2900000
582,34,Bogotá,Arquitecta,2300000
583,42,Bogotá,Comerciante,2560000
584,28,Medellín,Comerciante,2990000
585,59,Envigado,Docente,2970000
586,27,Medellín,Arquitecta,4840000
587,28,Manizales,Administradora,3650000
588,41,Bogotá,Enfermera,3470000
589,59,Manizales,Docente,2510000
590,55,Cartagena,Comerciante,6300000
591,61,Bogotá,Enfermera,3640000
592,56,Cali,Ingeniero de sistemas,3920000
593,46,Bogotá,Comerciante,2740000
594,53,Medellín,Arquitecta,3090000
595,43,Bogotá,Médico,4260000
596,20,Envigado,Médico,2160000
597,27,Medellín,Comerciante,6090000
598,34,Bogotá,Ingeniero de sistemas,4030000
599,59,Cartagena,Diseñadora gráfica,4140000
600,33,Cartagena,Comerciante,3960000
